id,a_atom,b1_atom,b2_atom,x_atom,cubic,ortho,ind_gap
Cs.Ag.Al.Br-cubic,Cs,Ag,Al,Br,1,0,1.0274
Cs.Ag.As.Br-cubic,Cs,Ag,As,Br,1,0,0.781
Cs.Ag.Bi.Br-cubic,Cs,Ag,Bi,Br,1,0,1.1399
Cs.Ag.Ga.Br-cubic,Cs,Ag,Ga,Br,1,0,0
Cs.Ag.In.Br-cubic,Cs,Ag,In,Br,1,0,0.1818
Cs.Ag.Sb.Br-cubic,Cs,Ag,Sb,Br,1,0,0.8519
Cs.Au.Al.Br-cubic,Cs,Au,Al,Br,1,0,0
Cs.Au.As.Br-cubic,Cs,Au,As,Br,1,0,0
Cs.Au.Bi.Br-cubic,Cs,Au,Bi,Br,1,0,0.1284
Cs.Au.Ga.Br-cubic,Cs,Au,Ga,Br,1,0,0
Cs.Au.In.Br-cubic,Cs,Au,In,Br,1,0,0
Cs.Au.Sb.Br-cubic,Cs,Au,Sb,Br,1,0,0
Cs.Cu.Al.Br-cubic,Cs,Cu,Al,Br,1,0,0
Cs.Cu.As.Br-cubic,Cs,Cu,As,Br,1,0,0.2252
Cs.Cu.Bi.Br-cubic,Cs,Cu,Bi,Br,1,0,0.5649
Cs.Cu.Ga.Br-cubic,Cs,Cu,Ga,Br,1,0,0
Cs.Cu.In.Br-cubic,Cs,Cu,In,Br,1,0,0
Cs.Cu.Sb.Br-cubic,Cs,Cu,Sb,Br,1,0,0.3254
Cs.In.Al.Br-cubic,Cs,In,Al,Br,1,0,1.9981
Cs.In.As.Br-cubic,Cs,In,As,Br,1,0,0.1267
Cs.In.Bi.Br-cubic,Cs,In,Bi,Br,1,0,0.0181
Cs.In.Ga.Br-cubic,Cs,In,Ga,Br,1,0,1.016
Cs.In.In.Br-cubic,Cs,In,In,Br,1,0,0.8082
Cs.In.Sb.Br-cubic,Cs,In,Sb,Br,1,0,0.087
Cs.Tl.Al.Br-cubic,Cs,Tl,Al,Br,1,0,2.6282
Cs.Tl.As.Br-cubic,Cs,Tl,As,Br,1,0,0.8269
Cs.Tl.Bi.Br-cubic,Cs,Tl,Bi,Br,1,0,0.6537
Cs.Tl.Ga.Br-cubic,Cs,Tl,Ga,Br,1,0,1.4557
Cs.Tl.In.Br-cubic,Cs,Tl,In,Br,1,0,1.6335
Cs.Tl.Sb.Br-cubic,Cs,Tl,Sb,Br,1,0,0.6989
K.Ag.Al.Br-cubic,K,Ag,Al,Br,1,0,1.0488
K.Ag.As.Br-cubic,K,Ag,As,Br,1,0,0.7009
K.Ag.Bi.Br-cubic,K,Ag,Bi,Br,1,0,1.1002
K.Ag.Ga.Br-cubic,K,Ag,Ga,Br,1,0,0
K.Ag.In.Br-cubic,K,Ag,In,Br,1,0,0.131
K.Ag.Sb.Br-cubic,K,Ag,Sb,Br,1,0,0.7905
K.Au.Al.Br-cubic,K,Au,Al,Br,1,0,0
K.Au.As.Br-cubic,K,Au,As,Br,1,0,0
K.Au.Bi.Br-cubic,K,Au,Bi,Br,1,0,0.0912
K.Au.Ga.Br-cubic,K,Au,Ga,Br,1,0,0
K.Au.In.Br-cubic,K,Au,In,Br,1,0,0
K.Au.Sb.Br-cubic,K,Au,Sb,Br,1,0,0
K.Cu.Al.Br-cubic,K,Cu,Al,Br,1,0,0
K.Cu.As.Br-cubic,K,Cu,As,Br,1,0,0.1748
K.Cu.Bi.Br-cubic,K,Cu,Bi,Br,1,0,0.5536
K.Cu.Ga.Br-cubic,K,Cu,Ga,Br,1,0,0
K.Cu.In.Br-cubic,K,Cu,In,Br,1,0,0
K.Cu.Sb.Br-cubic,K,Cu,Sb,Br,1,0,0.2896
K.In.Al.Br-cubic,K,In,Al,Br,1,0,1.8402
K.In.As.Br-cubic,K,In,As,Br,1,0,0.1191
K.In.Bi.Br-cubic,K,In,Bi,Br,1,0,0.1729
K.In.Ga.Br-cubic,K,In,Ga,Br,1,0,0.793
K.In.In.Br-cubic,K,In,In,Br,1,0,0.6186
K.In.Sb.Br-cubic,K,In,Sb,Br,1,0,0.0877
K.Tl.Al.Br-cubic,K,Tl,Al,Br,1,0,2.5609
K.Tl.As.Br-cubic,K,Tl,As,Br,1,0,0.6552
K.Tl.Bi.Br-cubic,K,Tl,Bi,Br,1,0,0.5501
K.Tl.Ga.Br-cubic,K,Tl,Ga,Br,1,0,1.334
K.Tl.In.Br-cubic,K,Tl,In,Br,1,0,1.5368
K.Tl.Sb.Br-cubic,K,Tl,Sb,Br,1,0,0.5557
Rb.Ag.Al.Br-cubic,Rb,Ag,Al,Br,1,0,1.045
Rb.Ag.As.Br-cubic,Rb,Ag,As,Br,1,0,0.7293
Rb.Ag.Bi.Br-cubic,Rb,Ag,Bi,Br,1,0,1.1156
Rb.Ag.Ga.Br-cubic,Rb,Ag,Ga,Br,1,0,0
Rb.Ag.In.Br-cubic,Rb,Ag,In,Br,1,0,0.1505
Rb.Ag.Sb.Br-cubic,Rb,Ag,Sb,Br,1,0,0.8142
Rb.Au.Al.Br-cubic,Rb,Au,Al,Br,1,0,0
Rb.Au.As.Br-cubic,Rb,Au,As,Br,1,0,0
Rb.Au.Bi.Br-cubic,Rb,Au,Bi,Br,1,0,0.105
Rb.Au.Ga.Br-cubic,Rb,Au,Ga,Br,1,0,0
Rb.Au.In.Br-cubic,Rb,Au,In,Br,1,0,0
Rb.Au.Sb.Br-cubic,Rb,Au,Sb,Br,1,0,0
Rb.Cu.Al.Br-cubic,Rb,Cu,Al,Br,1,0,0
Rb.Cu.As.Br-cubic,Rb,Cu,As,Br,1,0,0.195
Rb.Cu.Bi.Br-cubic,Rb,Cu,Bi,Br,1,0,0.5582
Rb.Cu.Ga.Br-cubic,Rb,Cu,Ga,Br,1,0,0
Rb.Cu.In.Br-cubic,Rb,Cu,In,Br,1,0,0
Rb.Cu.Sb.Br-cubic,Rb,Cu,Sb,Br,1,0,0.3028
Rb.In.Al.Br-cubic,Rb,In,Al,Br,1,0,1.8871
Rb.In.As.Br-cubic,Rb,In,As,Br,1,0,0.0308
Rb.In.Bi.Br-cubic,Rb,In,Bi,Br,1,0,0.1087
Rb.In.Ga.Br-cubic,Rb,In,Ga,Br,1,0,0.8699
Rb.In.In.Br-cubic,Rb,In,In,Br,1,0,0.6885
Rb.In.Sb.Br-cubic,Rb,In,Sb,Br,1,0,0.0204
Rb.Tl.Al.Br-cubic,Rb,Tl,Al,Br,1,0,2.5847
Rb.Tl.As.Br-cubic,Rb,Tl,As,Br,1,0,0.7202
Rb.Tl.Bi.Br-cubic,Rb,Tl,Bi,Br,1,0,0.59
Rb.Tl.Ga.Br-cubic,Rb,Tl,Ga,Br,1,0,1.3803
Rb.Tl.In.Br-cubic,Rb,Tl,In,Br,1,0,1.5726
Rb.Tl.Sb.Br-cubic,Rb,Tl,Sb,Br,1,0,0.6199
Cs.Ag.Al.Cl-cubic,Cs,Ag,Al,Cl,1,0,2.1892
Cs.Ag.As.Cl-cubic,Cs,Ag,As,Cl,1,0,1.2792
Cs.Ag.Bi.Cl-cubic,Cs,Ag,Bi,Cl,1,0,1.5671
Cs.Ag.Ga.Cl-cubic,Cs,Ag,Ga,Cl,1,0,0.9376
Cs.Ag.In.Cl-cubic,Cs,Ag,In,Cl,1,0,1.0098
Cs.Ag.Sb.Cl-cubic,Cs,Ag,Sb,Cl,1,0,1.3481
Cs.Au.Al.Cl-cubic,Cs,Au,Al,Cl,1,0,0.3603
Cs.Au.As.Cl-cubic,Cs,Au,As,Cl,1,0,0.0619
Cs.Au.Bi.Cl-cubic,Cs,Au,Bi,Cl,1,0,0.4324
Cs.Au.Ga.Cl-cubic,Cs,Au,Ga,Cl,1,0,0
Cs.Au.In.Cl-cubic,Cs,Au,In,Cl,1,0,0
Cs.Au.Sb.Cl-cubic,Cs,Au,Sb,Cl,1,0,0.1614
Cs.Cu.Al.Cl-cubic,Cs,Cu,Al,Cl,1,0,0.6212
Cs.Cu.As.Cl-cubic,Cs,Cu,As,Cl,1,0,0.5367
Cs.Cu.Bi.Cl-cubic,Cs,Cu,Bi,Cl,1,0,0.7609
Cs.Cu.Ga.Cl-cubic,Cs,Cu,Ga,Cl,1,0,0
Cs.Cu.In.Cl-cubic,Cs,Cu,In,Cl,1,0,0
Cs.Cu.Sb.Cl-cubic,Cs,Cu,Sb,Cl,1,0,0.6478
Cs.In.Al.Cl-cubic,Cs,In,Al,Cl,1,0,2.9697
Cs.In.As.Cl-cubic,Cs,In,As,Cl,1,0,0.6019
Cs.In.Bi.Cl-cubic,Cs,In,Bi,Cl,1,0,0.4401
Cs.In.Ga.Cl-cubic,Cs,In,Ga,Cl,1,0,1.7994
Cs.In.In.Cl-cubic,Cs,In,In,Cl,1,0,1.5767
Cs.In.Sb.Cl-cubic,Cs,In,Sb,Cl,1,0,0.5387
Cs.Tl.Al.Cl-cubic,Cs,Tl,Al,Cl,1,0,3.6705
Cs.Tl.As.Cl-cubic,Cs,Tl,As,Cl,1,0,1.26
Cs.Tl.Bi.Cl-cubic,Cs,Tl,Bi,Cl,1,0,1.1018
Cs.Tl.Ga.Cl-cubic,Cs,Tl,Ga,Cl,1,0,2.4214
Cs.Tl.In.Cl-cubic,Cs,Tl,In,Cl,1,0,2.4561
Cs.Tl.Sb.Cl-cubic,Cs,Tl,Sb,Cl,1,0,1.12
K.Ag.Al.Cl-cubic,K,Ag,Al,Cl,1,0,2.1587
K.Ag.As.Cl-cubic,K,Ag,As,Cl,1,0,1.1805
K.Ag.Bi.Cl-cubic,K,Ag,Bi,Cl,1,0,1.5173
K.Ag.Ga.Cl-cubic,K,Ag,Ga,Cl,1,0,0.8293
K.Ag.In.Cl-cubic,K,Ag,In,Cl,1,0,0.9338
K.Ag.Sb.Cl-cubic,K,Ag,Sb,Cl,1,0,1.277
K.Au.Al.Cl-cubic,K,Au,Al,Cl,1,0,0.3487
K.Au.As.Cl-cubic,K,Au,As,Cl,1,0,0
K.Au.Bi.Cl-cubic,K,Au,Bi,Cl,1,0,0.3961
K.Au.Ga.Cl-cubic,K,Au,Ga,Cl,1,0,0
K.Au.In.Cl-cubic,K,Au,In,Cl,1,0,0
K.Au.Sb.Cl-cubic,K,Au,Sb,Cl,1,0,0.105
K.Cu.Al.Cl-cubic,K,Cu,Al,Cl,1,0,0.6905
K.Cu.As.Cl-cubic,K,Cu,As,Cl,1,0,0.5018
K.Cu.Bi.Cl-cubic,K,Cu,Bi,Cl,1,0,0.7442
K.Cu.Ga.Cl-cubic,K,Cu,Ga,Cl,1,0,0
K.Cu.In.Cl-cubic,K,Cu,In,Cl,1,0,0
K.Cu.Sb.Cl-cubic,K,Cu,Sb,Cl,1,0,0.6278
K.In.Al.Cl-cubic,K,In,Al,Cl,1,0,2.7501
K.In.As.Cl-cubic,K,In,As,Cl,1,0,0.3006
K.In.Bi.Cl-cubic,K,In,Bi,Cl,1,0,0.2369
K.In.Ga.Cl-cubic,K,In,Ga,Cl,1,0,1.5348
K.In.In.Cl-cubic,K,In,In,Cl,1,0,1.3588
K.In.Sb.Cl-cubic,K,In,Sb,Cl,1,0,0.3352
K.Tl.Al.Cl-cubic,K,Tl,Al,Cl,1,0,3.5545
K.Tl.As.Cl-cubic,K,Tl,As,Cl,1,0,1.0733
K.Tl.Bi.Cl-cubic,K,Tl,Bi,Cl,1,0,0.9927
K.Tl.Ga.Cl-cubic,K,Tl,Ga,Cl,1,0,2.2592
K.Tl.In.Cl-cubic,K,Tl,In,Cl,1,0,2.3298
K.Tl.Sb.Cl-cubic,K,Tl,Sb,Cl,1,0,0.9869
Rb.Ag.Al.Cl-cubic,Rb,Ag,Al,Cl,1,0,2.1691
Rb.Ag.As.Cl-cubic,Rb,Ag,As,Cl,1,0,1.2166
Rb.Ag.Bi.Cl-cubic,Rb,Ag,Bi,Cl,1,0,1.5347
Rb.Ag.Ga.Cl-cubic,Rb,Ag,Ga,Cl,1,0,0.8637
Rb.Ag.In.Cl-cubic,Rb,Ag,In,Cl,1,0,0.9585
Rb.Ag.Sb.Cl-cubic,Rb,Ag,Sb,Cl,1,0,1.303
Rb.Au.Al.Cl-cubic,Rb,Au,Al,Cl,1,0,0.3514
Rb.Au.As.Cl-cubic,Rb,Au,As,Cl,1,0,0.0121
Rb.Au.Bi.Cl-cubic,Rb,Au,Bi,Cl,1,0,0.4081
Rb.Au.Ga.Cl-cubic,Rb,Au,Ga,Cl,1,0,0
Rb.Au.In.Cl-cubic,Rb,Au,In,Cl,1,0,0
Rb.Au.Sb.Cl-cubic,Rb,Au,Sb,Cl,1,0,0.1257
Rb.Cu.Al.Cl-cubic,Rb,Cu,Al,Cl,1,0,0.6565
Rb.Cu.As.Cl-cubic,Rb,Cu,As,Cl,1,0,0.5151
Rb.Cu.Bi.Cl-cubic,Rb,Cu,Bi,Cl,1,0,0.7525
Rb.Cu.Ga.Cl-cubic,Rb,Cu,Ga,Cl,1,0,0
Rb.Cu.In.Cl-cubic,Rb,Cu,In,Cl,1,0,0
Rb.Cu.Sb.Cl-cubic,Rb,Cu,Sb,Cl,1,0,0.6353
Rb.In.Al.Cl-cubic,Rb,In,Al,Cl,1,0,2.8237
Rb.In.As.Cl-cubic,Rb,In,As,Cl,1,0,0.4084
Rb.In.Bi.Cl-cubic,Rb,In,Bi,Cl,1,0,0.3094
Rb.In.Ga.Cl-cubic,Rb,In,Ga,Cl,1,0,1.6341
Rb.In.In.Cl-cubic,Rb,In,In,Cl,1,0,1.4427
Rb.In.Sb.Cl-cubic,Rb,In,Sb,Cl,1,0,0.4219
Rb.Tl.Al.Cl-cubic,Rb,Tl,Al,Cl,1,0,3.6123
Rb.Tl.As.Cl-cubic,Rb,Tl,As,Cl,1,0,1.1449
Rb.Tl.Bi.Cl-cubic,Rb,Tl,Bi,Cl,1,0,1.0286
Rb.Tl.Ga.Cl-cubic,Rb,Tl,Ga,Cl,1,0,2.3181
Rb.Tl.In.Cl-cubic,Rb,Tl,In,Cl,1,0,2.3762
Rb.Tl.Sb.Cl-cubic,Rb,Tl,Sb,Cl,1,0,1.0419
Cs.Ag.Al.I-cubic,Cs,Ag,Al,I,1,0,0
Cs.Ag.As.I-cubic,Cs,Ag,As,I,1,0,0.2692
Cs.Ag.Bi.I-cubic,Cs,Ag,Bi,I,1,0,0.6515
Cs.Ag.Ga.I-cubic,Cs,Ag,Ga,I,1,0,0
Cs.Ag.In.I-cubic,Cs,Ag,In,I,1,0,0
Cs.Ag.Sb.I-cubic,Cs,Ag,Sb,I,1,0,0.3495
Cs.Au.Al.I-cubic,Cs,Au,Al,I,1,0,0
Cs.Au.As.I-cubic,Cs,Au,As,I,1,0,0
Cs.Au.Bi.I-cubic,Cs,Au,Bi,I,1,0,0
Cs.Au.Ga.I-cubic,Cs,Au,Ga,I,1,0,0
Cs.Au.In.I-cubic,Cs,Au,In,I,1,0,0
Cs.Au.Sb.I-cubic,Cs,Au,Sb,I,1,0,0
Cs.Cu.Al.I-cubic,Cs,Cu,Al,I,1,0,0
Cs.Cu.As.I-cubic,Cs,Cu,As,I,1,0,0
Cs.Cu.Bi.I-cubic,Cs,Cu,Bi,I,1,0,0.2847
Cs.Cu.Ga.I-cubic,Cs,Cu,Ga,I,1,0,0
Cs.Cu.In.I-cubic,Cs,Cu,In,I,1,0,0
Cs.Cu.Sb.I-cubic,Cs,Cu,Sb,I,1,0,0
Cs.In.Al.I-cubic,Cs,In,Al,I,1,0,0.9201
Cs.In.As.I-cubic,Cs,In,As,I,1,0,0.1046
Cs.In.Bi.I-cubic,Cs,In,Bi,I,1,0,0.2804
Cs.In.Ga.I-cubic,Cs,In,Ga,I,1,0,0.2606
Cs.In.In.I-cubic,Cs,In,In,I,1,0,0.0376
Cs.In.Sb.I-cubic,Cs,In,Sb,I,1,0,0.1914
Cs.Tl.Al.I-cubic,Cs,Tl,Al,I,1,0,1.3469
Cs.Tl.As.I-cubic,Cs,Tl,As,I,1,0,0.4876
Cs.Tl.Bi.I-cubic,Cs,Tl,Bi,I,1,0,0.2898
Cs.Tl.Ga.I-cubic,Cs,Tl,Ga,I,1,0,0.4918
Cs.Tl.In.I-cubic,Cs,Tl,In,I,1,0,0.7898
Cs.Tl.Sb.I-cubic,Cs,Tl,Sb,I,1,0,0.3599
K.Ag.Al.I-cubic,K,Ag,Al,I,1,0,0
K.Ag.As.I-cubic,K,Ag,As,I,1,0,0.204
K.Ag.Bi.I-cubic,K,Ag,Bi,I,1,0,0.6179
K.Ag.Ga.I-cubic,K,Ag,Ga,I,1,0,0
K.Ag.In.I-cubic,K,Ag,In,I,1,0,0
K.Ag.Sb.I-cubic,K,Ag,Sb,I,1,0,0.2952
K.Au.Al.I-cubic,K,Au,Al,I,1,0,0
K.Au.As.I-cubic,K,Au,As,I,1,0,0
K.Au.Bi.I-cubic,K,Au,Bi,I,1,0,0
K.Au.Ga.I-cubic,K,Au,Ga,I,1,0,0
K.Au.In.I-cubic,K,Au,In,I,1,0,0
K.Au.Sb.I-cubic,K,Au,Sb,I,1,0,0
K.Cu.Al.I-cubic,K,Cu,Al,I,1,0,0
K.Cu.As.I-cubic,K,Cu,As,I,1,0,0
K.Cu.Bi.I-cubic,K,Cu,Bi,I,1,0,0.2537
K.Cu.Ga.I-cubic,K,Cu,Ga,I,1,0,0
K.Cu.In.I-cubic,K,Cu,In,I,1,0,0
K.Cu.Sb.I-cubic,K,Cu,Sb,I,1,0,0
K.In.Al.I-cubic,K,In,Al,I,1,0,0.8048
K.In.As.I-cubic,K,In,As,I,1,0,0.15
K.In.Bi.I-cubic,K,In,Bi,I,1,0,0.3548
K.In.Ga.I-cubic,K,In,Ga,I,1,0,0.1346
K.In.In.I-cubic,K,In,In,I,1,0,0
K.In.Sb.I-cubic,K,In,Sb,I,1,0,0.2273
K.Tl.Al.I-cubic,K,Tl,Al,I,1,0,1.3485
K.Tl.As.I-cubic,K,Tl,As,I,1,0,0.3625
K.Tl.Bi.I-cubic,K,Tl,Bi,I,1,0,0.2017
K.Tl.Ga.I-cubic,K,Tl,Ga,I,1,0,0.4112
K.Tl.In.I-cubic,K,Tl,In,I,1,0,0.7302
K.Tl.Sb.I-cubic,K,Tl,Sb,I,1,0,0.26
Rb.Ag.Al.I-cubic,Rb,Ag,Al,I,1,0,0
Rb.Ag.As.I-cubic,Rb,Ag,As,I,1,0,0.2286
Rb.Ag.Bi.I-cubic,Rb,Ag,Bi,I,1,0,0.6313
Rb.Ag.Ga.I-cubic,Rb,Ag,Ga,I,1,0,0
Rb.Ag.In.I-cubic,Rb,Ag,In,I,1,0,0
Rb.Ag.Sb.I-cubic,Rb,Ag,Sb,I,1,0,0.3161
Rb.Au.Al.I-cubic,Rb,Au,Al,I,1,0,0
Rb.Au.As.I-cubic,Rb,Au,As,I,1,0,0
Rb.Au.Bi.I-cubic,Rb,Au,Bi,I,1,0,0
Rb.Au.Ga.I-cubic,Rb,Au,Ga,I,1,0,0
Rb.Au.In.I-cubic,Rb,Au,In,I,1,0,0
Rb.Au.Sb.I-cubic,Rb,Au,Sb,I,1,0,0
Rb.Cu.Al.I-cubic,Rb,Cu,Al,I,1,0,0
Rb.Cu.As.I-cubic,Rb,Cu,As,I,1,0,0
Rb.Cu.Bi.I-cubic,Rb,Cu,Bi,I,1,0,0.2673
Rb.Cu.Ga.I-cubic,Rb,Cu,Ga,I,1,0,0
Rb.Cu.In.I-cubic,Rb,Cu,In,I,1,0,0
Rb.Cu.Sb.I-cubic,Rb,Cu,Sb,I,1,0,0
Rb.In.Al.I-cubic,Rb,In,Al,I,1,0,0.8605
Rb.In.As.I-cubic,Rb,In,As,I,1,0,0.1418
Rb.In.Bi.I-cubic,Rb,In,Bi,I,1,0,0.3498
Rb.In.Ga.I-cubic,Rb,In,Ga,I,1,0,0.1844
Rb.In.In.I-cubic,Rb,In,In,I,1,0,0
Rb.In.Sb.I-cubic,Rb,In,Sb,I,1,0,0.2129
Rb.Tl.Al.I-cubic,Rb,Tl,Al,I,1,0,1.3442
Rb.Tl.As.I-cubic,Rb,Tl,As,I,1,0,0.4124
Rb.Tl.Bi.I-cubic,Rb,Tl,Bi,I,1,0,0.2375
Rb.Tl.Ga.I-cubic,Rb,Tl,Ga,I,1,0,0.449
Rb.Tl.In.I-cubic,Rb,Tl,In,I,1,0,0.7552
Rb.Tl.Sb.I-cubic,Rb,Tl,Sb,I,1,0,0.3028
Cs.Ag.Al.Br-ortho,Cs,Ag,Al,Br,0,1,1.0258
Cs.Ag.As.Br-ortho,Cs,Ag,As,Br,0,1,0.7785
Cs.Ag.Bi.Br-ortho,Cs,Ag,Bi,Br,0,1,1.1666
Cs.Ag.Ga.Br-ortho,Cs,Ag,Ga,Br,0,1,0.5295
Cs.Ag.In.Br-ortho,Cs,Ag,In,Br,0,1,0.3022
Cs.Ag.Sb.Br-ortho,Cs,Ag,Sb,Br,0,1,0.8555
Cs.Au.Al.Br-ortho,Cs,Au,Al,Br,0,1,2.2396
Cs.Au.As.Br-ortho,Cs,Au,As,Br,0,1,0
Cs.Au.Bi.Br-ortho,Cs,Au,Bi,Br,0,1,0.1715
Cs.Au.Ga.Br-ortho,Cs,Au,Ga,Br,0,1,1.2103
Cs.Au.In.Br-ortho,Cs,Au,In,Br,0,1,1.2281
Cs.Au.Sb.Br-ortho,Cs,Au,Sb,Br,0,1,0
Cs.Cu.Al.Br-ortho,Cs,Cu,Al,Br,0,1,1.5463
Cs.Cu.As.Br-ortho,Cs,Cu,As,Br,0,1,0.201
Cs.Cu.Bi.Br-ortho,Cs,Cu,Bi,Br,0,1,0.5429
Cs.Cu.Ga.Br-ortho,Cs,Cu,Ga,Br,0,1,0.7958
Cs.Cu.In.Br-ortho,Cs,Cu,In,Br,0,1,0.4291
Cs.Cu.Sb.Br-ortho,Cs,Cu,Sb,Br,0,1,0.3218
Cs.In.Al.Br-ortho,Cs,In,Al,Br,0,1,2.0668
Cs.In.As.Br-ortho,Cs,In,As,Br,0,1,0.1509
Cs.In.Bi.Br-ortho,Cs,In,Bi,Br,0,1,0.6112
Cs.In.Ga.Br-ortho,Cs,In,Ga,Br,0,1,0.6177
Cs.In.In.Br-ortho,Cs,In,In,Br,0,1,1.0754
Cs.In.Sb.Br-ortho,Cs,In,Sb,Br,0,1,0.5839
Cs.Tl.Al.Br-ortho,Cs,Tl,Al,Br,0,1,2.5708
Cs.Tl.As.Br-ortho,Cs,Tl,As,Br,0,1,1.1689
Cs.Tl.Bi.Br-ortho,Cs,Tl,Bi,Br,0,1,1.2606
Cs.Tl.Ga.Br-ortho,Cs,Tl,Ga,Br,0,1,1.5515
Cs.Tl.In.Br-ortho,Cs,Tl,In,Br,0,1,1.8644
Cs.Tl.Sb.Br-ortho,Cs,Tl,Sb,Br,0,1,1.2416
K.Ag.Al.Br-ortho,K,Ag,Al,Br,0,1,1.8055
K.Ag.As.Br-ortho,K,Ag,As,Br,0,1,1.2224
K.Ag.Bi.Br-ortho,K,Ag,Bi,Br,0,1,1.4152
K.Ag.Ga.Br-ortho,K,Ag,Ga,Br,0,1,0.8539
K.Ag.In.Br-ortho,K,Ag,In,Br,0,1,1.0475
K.Ag.Sb.Br-ortho,K,Ag,Sb,Br,0,1,1.3449
K.Au.Al.Br-ortho,K,Au,Al,Br,0,1,2.1912
K.Au.As.Br-ortho,K,Au,As,Br,0,1,1.9325
K.Au.Bi.Br-ortho,K,Au,Bi,Br,0,1,2.0364
K.Au.Ga.Br-ortho,K,Au,Ga,Br,0,1,1.4898
K.Au.In.Br-ortho,K,Au,In,Br,0,1,1.3315
K.Au.Sb.Br-ortho,K,Au,Sb,Br,0,1,1.8013
K.Cu.Al.Br-ortho,K,Cu,Al,Br,0,1,1.3813
K.Cu.As.Br-ortho,K,Cu,As,Br,0,1,0.5174
K.Cu.Bi.Br-ortho,K,Cu,Bi,Br,0,1,0.8057
K.Cu.Ga.Br-ortho,K,Cu,Ga,Br,0,1,0.8095
K.Cu.In.Br-ortho,K,Cu,In,Br,0,1,0.4747
K.Cu.Sb.Br-ortho,K,Cu,Sb,Br,0,1,0.6292
K.In.Al.Br-ortho,K,In,Al,Br,0,1,2.429
K.In.As.Br-ortho,K,In,As,Br,0,1,0.9382
K.In.Bi.Br-ortho,K,In,Bi,Br,0,1,1.0211
K.In.Ga.Br-ortho,K,In,Ga,Br,0,1,1.1309
K.In.In.Br-ortho,K,In,In,Br,0,1,1.4473
K.In.Sb.Br-ortho,K,In,Sb,Br,0,1,1.1537
K.Tl.Al.Br-ortho,K,Tl,Al,Br,0,1,2.7996
K.Tl.As.Br-ortho,K,Tl,As,Br,0,1,1.6343
K.Tl.Bi.Br-ortho,K,Tl,Bi,Br,0,1,1.5858
K.Tl.Ga.Br-ortho,K,Tl,Ga,Br,0,1,1.8405
K.Tl.In.Br-ortho,K,Tl,In,Br,0,1,2.0957
K.Tl.Sb.Br-ortho,K,Tl,Sb,Br,0,1,1.6611
Rb.Ag.Al.Br-ortho,Rb,Ag,Al,Br,0,1,1.4842
Rb.Ag.As.Br-ortho,Rb,Ag,As,Br,0,1,1.025
Rb.Ag.Bi.Br-ortho,Rb,Ag,Bi,Br,0,1,1.3147
Rb.Ag.Ga.Br-ortho,Rb,Ag,Ga,Br,0,1,0.5988
Rb.Ag.In.Br-ortho,Rb,Ag,In,Br,0,1,0.813
Rb.Ag.Sb.Br-ortho,Rb,Ag,Sb,Br,0,1,1.1724
Rb.Au.Al.Br-ortho,Rb,Au,Al,Br,0,1,2.9416
Rb.Au.As.Br-ortho,Rb,Au,As,Br,0,1,0
Rb.Au.Bi.Br-ortho,Rb,Au,Bi,Br,0,1,2.0059
Rb.Au.Ga.Br-ortho,Rb,Au,Ga,Br,0,1,1.515
Rb.Au.In.Br-ortho,Rb,Au,In,Br,0,1,1.314
Rb.Au.Sb.Br-ortho,Rb,Au,Sb,Br,0,1,1.8822
Rb.Cu.Al.Br-ortho,Rb,Cu,Al,Br,0,1,1.2881
Rb.Cu.As.Br-ortho,Rb,Cu,As,Br,0,1,0.2772
Rb.Cu.Bi.Br-ortho,Rb,Cu,Bi,Br,0,1,0.6378
Rb.Cu.Ga.Br-ortho,Rb,Cu,Ga,Br,0,1,0.7361
Rb.Cu.In.Br-ortho,Rb,Cu,In,Br,0,1,0.4627
Rb.Cu.Sb.Br-ortho,Rb,Cu,Sb,Br,0,1,0.4518
Rb.In.Al.Br-ortho,Rb,In,Al,Br,0,1,2.26
Rb.In.As.Br-ortho,Rb,In,As,Br,0,1,0.6572
Rb.In.Bi.Br-ortho,Rb,In,Bi,Br,0,1,0.8686
Rb.In.Ga.Br-ortho,Rb,In,Ga,Br,0,1,0.9411
Rb.In.In.Br-ortho,Rb,In,In,Br,0,1,1.282
Rb.In.Sb.Br-ortho,Rb,In,Sb,Br,0,1,0.9469
Rb.Tl.Al.Br-ortho,Rb,Tl,Al,Br,0,1,2.6972
Rb.Tl.As.Br-ortho,Rb,Tl,As,Br,0,1,1.4508
Rb.Tl.Bi.Br-ortho,Rb,Tl,Bi,Br,0,1,1.4715
Rb.Tl.Ga.Br-ortho,Rb,Tl,Ga,Br,0,1,1.719
Rb.Tl.In.Br-ortho,Rb,Tl,In,Br,0,1,2.0361
Rb.Tl.Sb.Br-ortho,Rb,Tl,Sb,Br,0,1,1.5107
Cs.Ag.Al.Cl-ortho,Cs,Ag,Al,Cl,0,1,2.1569
Cs.Ag.As.Cl-ortho,Cs,Ag,As,Cl,0,1,1.2717
Cs.Ag.Bi.Cl-ortho,Cs,Ag,Bi,Cl,0,1,1.5403
Cs.Ag.Ga.Cl-ortho,Cs,Ag,Ga,Cl,0,1,0.8793
Cs.Ag.In.Cl-ortho,Cs,Ag,In,Cl,0,1,1.007
Cs.Ag.Sb.Cl-ortho,Cs,Ag,Sb,Cl,0,1,1.3456
Cs.Au.Al.Cl-ortho,Cs,Au,Al,Cl,0,1,3.0945
Cs.Au.As.Cl-ortho,Cs,Au,As,Cl,0,1,0
Cs.Au.Bi.Cl-ortho,Cs,Au,Bi,Cl,0,1,0.3403
Cs.Au.Ga.Cl-ortho,Cs,Au,Ga,Cl,0,1,1.6446
Cs.Au.In.Cl-ortho,Cs,Au,In,Cl,0,1,1.4335
Cs.Au.Sb.Cl-ortho,Cs,Au,Sb,Cl,0,1,0
Cs.Cu.Al.Cl-ortho,Cs,Cu,Al,Cl,0,1,1.8101
Cs.Cu.As.Cl-ortho,Cs,Cu,As,Cl,0,1,0.3624
Cs.Cu.Bi.Cl-ortho,Cs,Cu,Bi,Cl,0,1,0.671
Cs.Cu.Ga.Cl-ortho,Cs,Cu,Ga,Cl,0,1,1.0981
Cs.Cu.In.Cl-ortho,Cs,Cu,In,Cl,0,1,0.501
Cs.Cu.Sb.Cl-ortho,Cs,Cu,Sb,Cl,0,1,0.5323
Cs.In.Al.Cl-ortho,Cs,In,Al,Cl,0,1,2.9825
Cs.In.As.Cl-ortho,Cs,In,As,Cl,0,1,0.6284
Cs.In.Bi.Cl-ortho,Cs,In,Bi,Cl,0,1,1.081
Cs.In.Ga.Cl-ortho,Cs,In,Ga,Cl,0,1,1.5679
Cs.In.In.Cl-ortho,Cs,In,In,Cl,0,1,1.8437
Cs.In.Sb.Cl-ortho,Cs,In,Sb,Cl,0,1,1.0928
Cs.Tl.Al.Cl-ortho,Cs,Tl,Al,Cl,0,1,3.6166
Cs.Tl.As.Cl-ortho,Cs,Tl,As,Cl,0,1,1.588
Cs.Tl.Bi.Cl-ortho,Cs,Tl,Bi,Cl,0,1,1.7189
Cs.Tl.Ga.Cl-ortho,Cs,Tl,Ga,Cl,0,1,2.4604
Cs.Tl.In.Cl-ortho,Cs,Tl,In,Cl,0,1,2.6723
Cs.Tl.Sb.Cl-ortho,Cs,Tl,Sb,Cl,0,1,1.666
K.Ag.Al.Cl-ortho,K,Ag,Al,Cl,0,1,2.5992
K.Ag.As.Cl-ortho,K,Ag,As,Cl,0,1,1.6011
K.Ag.Bi.Cl-ortho,K,Ag,Bi,Cl,0,1,1.7561
K.Ag.Ga.Cl-ortho,K,Ag,Ga,Cl,0,1,1.4588
K.Ag.In.Cl-ortho,K,Ag,In,Cl,0,1,1.5675
K.Ag.Sb.Cl-ortho,K,Ag,Sb,Cl,0,1,1.7291
K.Au.Al.Cl-ortho,K,Au,Al,Cl,0,1,2.6579
K.Au.As.Cl-ortho,K,Au,As,Cl,0,1,2.0922
K.Au.Bi.Cl-ortho,K,Au,Bi,Cl,0,1,2.2396
K.Au.Ga.Cl-ortho,K,Au,Ga,Cl,0,1,2.0261
K.Au.In.Cl-ortho,K,Au,In,Cl,0,1,1.8298
K.Au.Sb.Cl-ortho,K,Au,Sb,Cl,0,1,2.1145
K.Cu.Al.Cl-ortho,K,Cu,Al,Cl,0,1,1.2013
K.Cu.As.Cl-ortho,K,Cu,As,Cl,0,1,0.6427
K.Cu.Bi.Cl-ortho,K,Cu,Bi,Cl,0,1,1.1863
K.Cu.Ga.Cl-ortho,K,Cu,Ga,Cl,0,1,0.8205
K.Cu.In.Cl-ortho,K,Cu,In,Cl,0,1,0.3592
K.Cu.Sb.Cl-ortho,K,Cu,Sb,Cl,0,1,1.2445
K.In.Al.Cl-ortho,K,In,Al,Cl,0,1,3.3174
K.In.As.Cl-ortho,K,In,As,Cl,0,1,1.513
K.In.Bi.Cl-ortho,K,In,Bi,Cl,0,1,1.5136
K.In.Ga.Cl-ortho,K,In,Ga,Cl,0,1,2.0393
K.In.In.Cl-ortho,K,In,In,Cl,0,1,2.1947
K.In.Sb.Cl-ortho,K,In,Sb,Cl,0,1,1.6865
K.Tl.Al.Cl-ortho,K,Tl,Al,Cl,0,1,3.7537
K.Tl.As.Cl-ortho,K,Tl,As,Cl,0,1,2.1296
K.Tl.Bi.Cl-ortho,K,Tl,Bi,Cl,0,1,2.0945
K.Tl.Ga.Cl-ortho,K,Tl,Ga,Cl,0,1,2.7794
K.Tl.In.Cl-ortho,K,Tl,In,Cl,0,1,2.919
K.Tl.Sb.Cl-ortho,K,Tl,Sb,Cl,0,1,2.1407
Rb.Ag.Al.Cl-ortho,Rb,Ag,Al,Cl,0,1,2.2615
Rb.Ag.As.Cl-ortho,Rb,Ag,As,Cl,0,1,1.3779
Rb.Ag.Bi.Cl-ortho,Rb,Ag,Bi,Cl,0,1,1.6589
Rb.Ag.Ga.Cl-ortho,Rb,Ag,Ga,Cl,0,1,1.0358
Rb.Ag.In.Cl-ortho,Rb,Ag,In,Cl,0,1,1.3193
Rb.Ag.Sb.Cl-ortho,Rb,Ag,Sb,Cl,0,1,1.549
Rb.Au.Al.Cl-ortho,Rb,Au,Al,Cl,0,1,2.7104
Rb.Au.As.Cl-ortho,Rb,Au,As,Cl,0,1,2.1674
Rb.Au.Bi.Cl-ortho,Rb,Au,Bi,Cl,0,1,2.253
Rb.Au.Ga.Cl-ortho,Rb,Au,Ga,Cl,0,1,2.0708
Rb.Au.In.Cl-ortho,Rb,Au,In,Cl,0,1,1.7497
Rb.Au.Sb.Cl-ortho,Rb,Au,Sb,Cl,0,1,2.1466
Rb.Cu.Al.Cl-ortho,Rb,Cu,Al,Cl,0,1,1.4505
Rb.Cu.As.Cl-ortho,Rb,Cu,As,Cl,0,1,0.5129
Rb.Cu.Bi.Cl-ortho,Rb,Cu,Bi,Cl,0,1,1.3267
Rb.Cu.Ga.Cl-ortho,Rb,Cu,Ga,Cl,0,1,0.7079
Rb.Cu.In.Cl-ortho,Rb,Cu,In,Cl,0,1,0.1536
Rb.Cu.Sb.Cl-ortho,Rb,Cu,Sb,Cl,0,1,0.655
Rb.In.Al.Cl-ortho,Rb,In,Al,Cl,0,1,3.1603
Rb.In.As.Cl-ortho,Rb,In,As,Cl,0,1,1.2101
Rb.In.Bi.Cl-ortho,Rb,In,Bi,Cl,0,1,1.3492
Rb.In.Ga.Cl-ortho,Rb,In,Ga,Cl,0,1,1.8549
Rb.In.In.Cl-ortho,Rb,In,In,Cl,0,1,2.0694
Rb.In.Sb.Cl-ortho,Rb,In,Sb,Cl,0,1,1.4543
Rb.Tl.Al.Cl-ortho,Rb,Tl,Al,Cl,0,1,3.6754
Rb.Tl.As.Cl-ortho,Rb,Tl,As,Cl,0,1,1.9166
Rb.Tl.Bi.Cl-ortho,Rb,Tl,Bi,Cl,0,1,1.9577
Rb.Tl.Ga.Cl-ortho,Rb,Tl,Ga,Cl,0,1,2.6567
Rb.Tl.In.Cl-ortho,Rb,Tl,In,Cl,0,1,2.8388
Rb.Tl.Sb.Cl-ortho,Rb,Tl,Sb,Cl,0,1,1.9664
Cs.Ag.Al.I-ortho,Cs,Ag,Al,I,0,1,0.8116
Cs.Ag.As.I-ortho,Cs,Ag,As,I,0,1,0.2816
Cs.Ag.Bi.I-ortho,Cs,Ag,Bi,I,0,1,0.7825
Cs.Ag.Ga.I-ortho,Cs,Ag,Ga,I,0,1,0.5187
Cs.Ag.In.I-ortho,Cs,Ag,In,I,0,1,0.4092
Cs.Ag.Sb.I-ortho,Cs,Ag,Sb,I,0,1,0.5516
Cs.Au.Al.I-ortho,Cs,Au,Al,I,0,1,1.7988
Cs.Au.As.I-ortho,Cs,Au,As,I,0,1,0
Cs.Au.Bi.I-ortho,Cs,Au,Bi,I,0,1,0.0997
Cs.Au.Ga.I-ortho,Cs,Au,Ga,I,0,1,0.711
Cs.Au.In.I-ortho,Cs,Au,In,I,0,1,0.7908
Cs.Au.Sb.I-ortho,Cs,Au,Sb,I,0,1,0
Cs.Cu.Al.I-ortho,Cs,Cu,Al,I,0,1,1.1815
Cs.Cu.As.I-ortho,Cs,Cu,As,I,0,1,0
Cs.Cu.Bi.I-ortho,Cs,Cu,Bi,I,0,1,0.4616
Cs.Cu.Ga.I-ortho,Cs,Cu,Ga,I,0,1,0.5666
Cs.Cu.In.I-ortho,Cs,Cu,In,I,0,1,0.6155
Cs.Cu.Sb.I-ortho,Cs,Cu,Sb,I,0,1,0.2081
Cs.In.Al.I-ortho,Cs,In,Al,I,0,1,1.0898
Cs.In.As.I-ortho,Cs,In,As,I,0,1,0.0081
Cs.In.Bi.I-ortho,Cs,In,Bi,I,0,1,0.2795
Cs.In.Ga.I-ortho,Cs,In,Ga,I,0,1,0.4448
Cs.In.In.I-ortho,Cs,In,In,I,0,1,0.3965
Cs.In.Sb.I-ortho,Cs,In,Sb,I,0,1,0.304
Cs.Tl.Al.I-ortho,Cs,Tl,Al,I,0,1,1.4478
Cs.Tl.As.I-ortho,Cs,Tl,As,I,0,1,0.8489
Cs.Tl.Bi.I-ortho,Cs,Tl,Bi,I,0,1,0.8517
Cs.Tl.Ga.I-ortho,Cs,Tl,Ga,I,0,1,0.636
Cs.Tl.In.I-ortho,Cs,Tl,In,I,0,1,1.0243
Cs.Tl.Sb.I-ortho,Cs,Tl,Sb,I,0,1,0.9189
K.Ag.Al.I-ortho,K,Ag,Al,I,0,1,1.0595
K.Ag.As.I-ortho,K,Ag,As,I,0,1,0.8718
K.Ag.Bi.I-ortho,K,Ag,Bi,I,0,1,1.0267
K.Ag.Ga.I-ortho,K,Ag,Ga,I,0,1,0.5749
K.Ag.In.I-ortho,K,Ag,In,I,0,1,0.6171
K.Ag.Sb.I-ortho,K,Ag,Sb,I,0,1,0.9636
K.Au.Al.I-ortho,K,Au,Al,I,0,1,1.7916
K.Au.As.I-ortho,K,Au,As,I,0,1,1.5857
K.Au.Bi.I-ortho,K,Au,Bi,I,0,1,0.0997
K.Au.Ga.I-ortho,K,Au,Ga,I,0,1,0.707
K.Au.In.I-ortho,K,Au,In,I,0,1,0.8704
K.Au.Sb.I-ortho,K,Au,Sb,I,0,1,1.6469
K.Cu.Al.I-ortho,K,Cu,Al,I,0,1,1.3283
K.Cu.As.I-ortho,K,Cu,As,I,0,1,0.4083
K.Cu.Bi.I-ortho,K,Cu,Bi,I,0,1,0.6416
K.Cu.Ga.I-ortho,K,Cu,Ga,I,0,1,0.4593
K.Cu.In.I-ortho,K,Cu,In,I,0,1,0.5467
K.Cu.Sb.I-ortho,K,Cu,Sb,I,0,1,0.4952
K.In.Al.I-ortho,K,In,Al,I,0,1,1.3827
K.In.As.I-ortho,K,In,As,I,0,1,0.5268
K.In.Bi.I-ortho,K,In,Bi,I,0,1,0.5802
K.In.Ga.I-ortho,K,In,Ga,I,0,1,0.7663
K.In.In.I-ortho,K,In,In,I,0,1,0.6951
K.In.Sb.I-ortho,K,In,Sb,I,0,1,0.7056
K.Tl.Al.I-ortho,K,Tl,Al,I,0,1,1.6961
K.Tl.As.I-ortho,K,Tl,As,I,0,1,1.173
K.Tl.Bi.I-ortho,K,Tl,Bi,I,0,1,1.088
K.Tl.Ga.I-ortho,K,Tl,Ga,I,0,1,0.8671
K.Tl.In.I-ortho,K,Tl,In,I,0,1,1.2492
K.Tl.Sb.I-ortho,K,Tl,Sb,I,0,1,1.2075
Rb.Ag.Al.I-ortho,Rb,Ag,Al,I,0,1,0.8823
Rb.Ag.As.I-ortho,Rb,Ag,As,I,0,1,0.6606
Rb.Ag.Bi.I-ortho,Rb,Ag,Bi,I,0,1,0.9444
Rb.Ag.Ga.I-ortho,Rb,Ag,Ga,I,0,1,0.5923
Rb.Ag.In.I-ortho,Rb,Ag,In,I,0,1,0.5097
Rb.Ag.Sb.I-ortho,Rb,Ag,Sb,I,0,1,0.8157
Rb.Au.Al.I-ortho,Rb,Au,Al,I,0,1,1.7762
Rb.Au.As.I-ortho,Rb,Au,As,I,0,1,0
Rb.Au.Bi.I-ortho,Rb,Au,Bi,I,0,1,1.6172
Rb.Au.Ga.I-ortho,Rb,Au,Ga,I,0,1,0.7292
Rb.Au.In.I-ortho,Rb,Au,In,I,0,1,0.8177
Rb.Au.Sb.I-ortho,Rb,Au,Sb,I,0,1,1.6525
Rb.Cu.Al.I-ortho,Rb,Cu,Al,I,0,1,1.3409
Rb.Cu.As.I-ortho,Rb,Cu,As,I,0,1,0.3489
Rb.Cu.Bi.I-ortho,Rb,Cu,Bi,I,0,1,0.4945
Rb.Cu.Ga.I-ortho,Rb,Cu,Ga,I,0,1,0.4852
Rb.Cu.In.I-ortho,Rb,Cu,In,I,0,1,0.5673
Rb.Cu.Sb.I-ortho,Rb,Cu,Sb,I,0,1,0.4434
Rb.In.Al.I-ortho,Rb,In,Al,I,0,1,1.2484
Rb.In.As.I-ortho,Rb,In,As,I,0,1,0.368
Rb.In.Bi.I-ortho,Rb,In,Bi,I,0,1,0.4701
Rb.In.Ga.I-ortho,Rb,In,Ga,I,0,1,0.6304
Rb.In.In.I-ortho,Rb,In,In,I,0,1,0.5564
Rb.In.Sb.I-ortho,Rb,In,Sb,I,0,1,0.5575
Rb.Tl.Al.I-ortho,Rb,Tl,Al,I,0,1,1.5921
Rb.Tl.As.I-ortho,Rb,Tl,As,I,0,1,1.0584
Rb.Tl.Bi.I-ortho,Rb,Tl,Bi,I,0,1,1.0077
Rb.Tl.Ga.I-ortho,Rb,Tl,Ga,I,0,1,0.7727
Rb.Tl.In.I-ortho,Rb,Tl,In,I,0,1,1.1472
Rb.Tl.Sb.I-ortho,Rb,Tl,Sb,I,0,1,1.0951
